idx,val
0,15.882097244262695
1,7.40914249420166
2,15.948665618896484
3,10.752613067626953
4,12.280523300170898
5,10.56747817993164
6,9.974956512451172
7,9.707174301147461
8,9.140331268310547
9,11.791141510009766
10,10.821239471435547
11,6.014367580413818
12,6.111324787139893
13,18.264436721801758
14,11.42662239074707
16,17.24569320678711
17,11.769586563110352
18,10.108037948608398
19,9.85457706451416
20,9.561898231506348
21,7.991820335388184
22,3.9735381603240967
23,22.92839813232422
24,19.84903907775879
25,18.26177978515625
26,17.194225311279297
27,16.841455459594727
28,14.577742576599121
29,17.384571075439453
30,18.00997543334961
31,15.567097663879395
32,14.850709915161133
33,14.50995922088623
34,15.832904815673828
35,14.261401176452637
36,14.116257667541504
37,13.079174995422363
38,12.322144508361816
39,11.009293556213379
40,15.165557861328125
41,14.875043869018555
42,13.606684684753418
43,13.334688186645508
44,11.870818138122559
45,11.151100158691406
46,10.513211250305176
47,10.332595825195312
48,9.768280029296875
49,9.020621299743652
50,13.823128700256348
51,13.155592918395996
52,13.029582977294922
53,12.765891075134277
54,12.515247344970703
55,12.5127534866333
56,12.224992752075195
57,12.157184600830078
58,11.45583438873291
59,11.123260498046875
60,10.797128677368164
61,9.836183547973633
62,9.613043785095215
63,9.401694297790527
64,9.214014053344727
65,8.010651588439941
66,7.611957550048828
67,12.008988380432129
68,11.715310096740723
69,11.527212142944336
70,10.353487014770508
71,10.402864456176758
72,10.09399127960205
73,8.993617057800293
74,8.418169975280762
75,8.546524047851562
76,8.23577880859375
77,8.227728843688965
78,7.448683261871338
79,7.360232830047607
80,6.691033840179443
81,5.657334327697754
82,11.546649932861328
83,10.685346603393555
84,9.74735164642334
85,9.627328872680664
86,8.444145202636719
87,7.775455951690674
88,7.634584903717041
89,7.640907287597656
90,7.114071369171143
91,6.544909477233887
92,4.856772422790527
93,9.793683052062988
94,7.2982354164123535
95,5.5354437828063965
96,3.983677625656128
97,18.83490562438965
98,18.687044143676758
99,21.649641036987305
100,21.149295806884766
101,16.21019744873047
102,15.603171348571777
103,18.70527458190918
104,17.29422950744629
105,16.846946716308594
106,16.739749908447266
107,15.132686614990234
108,15.980918884277344
109,18.452415466308594
110,12.031288146972656
111,16.690460205078125
112,14.812525749206543
113,14.574298858642578
114,12.893983840942383
115,11.72920036315918
116,11.61186695098877
117,10.819400787353516
118,10.21484088897705
119,14.83816146850586
120,14.231440544128418
121,14.005340576171875
122,12.75308609008789
123,11.707317352294922
124,14.04948616027832
125,13.491863250732422
126,9.768423080444336
127,6.996827602386475
128,10.360156059265137
129,9.101015090942383
130,8.388625144958496
131,3.0251095294952393
132,20.184823989868164
133,22.997127532958984
134,21.072681427001953
135,19.123531341552734
136,17.91691780090332
137,17.561832427978516
138,16.933496475219727
139,14.774775505065918
140,14.277791023254395
141,14.941763877868652
142,15.54772663116455
143,14.5244779586792
144,13.880852699279785
145,13.629557609558105
146,12.830000877380371
147,12.176939964294434
148,10.725406646728516
149,13.87116527557373
151,16.411317825317383
152,12.51059627532959
153,10.300826072692871
154,10.23859691619873
155,8.019233703613281
156,7.856164455413818
157,7.8900041580200195
158,20.707195281982422
159,18.54815673828125
160,17.143827438354492
161,16.355304718017578
162,14.820758819580078
163,16.42023277282715
164,15.48949146270752
165,13.140920639038086
166,14.531913757324219
167,13.0767183303833
168,11.178131103515625
169,10.904865264892578
170,15.210845947265625
171,14.962678909301758
172,14.67369556427002
173,14.4946870803833
174,13.571874618530273
175,13.311149597167969
176,13.271197319030762
177,13.159322738647461
178,12.603312492370605
179,12.33045768737793
180,11.973000526428223
181,10.930902481079102
182,10.601296424865723
183,10.2551851272583
184,10.11048412322998
185,9.11164379119873
186,8.93340015411377
187,8.661116600036621
188,14.121898651123047
189,13.710959434509277
190,12.697731018066406
191,12.80646800994873
192,12.628613471984863
193,12.54488754272461
194,11.699908256530762
195,11.428159713745117
196,11.124953269958496
197,9.697897911071777
198,9.150527954101562
199,9.083417892456055
200,8.078920364379883
201,7.819353103637695
202,12.098849296569824
203,11.450021743774414
204,11.446142196655273
205,10.818658828735352
206,10.73654556274414
207,10.444071769714355
208,10.302823066711426
209,10.609155654907227
210,10.521590232849121
211,10.274369239807129
212,9.672515869140625
213,9.054740905761719
214,8.706765174865723
215,8.33793830871582
216,7.834632396697998
217,7.203619480133057
218,6.667874813079834
219,6.133556842803955
220,5.7905755043029785
221,11.180671691894531
222,10.538396835327148
223,10.398707389831543
224,9.748420715332031
225,9.63001537322998
226,9.5208740234375
227,8.037984848022461
228,6.587909698486328
229,6.311133861541748
230,6.181433200836182
231,5.101345539093018
232,5.104473114013672
233,8.772865295410156
234,8.705947875976562
235,7.573824882507324
236,6.1102614402771
237,5.313100337982178
238,3.645693063735962
239,3.6608617305755615
240,24.11378288269043
241,22.313081741333008
242,22.69198226928711
243,20.856063842773438
244,20.68747329711914
245,19.25699234008789
246,21.456192016601562
247,21.275644302368164
248,19.953575134277344
249,18.324951171875
250,18.295568466186523
251,19.0584659576416
252,17.764102935791016
253,17.539657592773438
254,15.948766708374023
255,15.605724334716797
256,13.81043815612793
257,13.016765594482422
258,15.622457504272461
259,13.870912551879883
260,13.56966781616211
261,12.056071281433105
262,16.79591941833496
263,15.030903816223145
264,14.785847663879395
265,13.23894214630127
266,13.047276496887207
267,12.880441665649414
268,12.594712257385254
269,10.781444549560547
270,11.943096160888672
271,11.240019798278809
272,8.791607856750488
273,8.613446235656738
274,12.013182640075684
275,12.735109329223633
276,11.941876411437988
277,8.81626033782959
278,8.87552261352539
279,7.391160011291504
280,10.576854705810547
281,10.151432037353516
282,10.206850051879883
283,4.919903755187988
284,8.197611808776855
285,7.5214524269104
286,4.795757293701172
287,23.782785415649414
288,22.828876495361328
289,22.041412353515625
290,18.889785766601562
291,18.616161346435547
292,23.03122901916504
293,22.798946380615234
294,22.096158981323242
295,20.901954650878906
296,18.119657516479492
297,17.683847427368164
298,16.4222412109375
299,17.134347915649414
300,16.988920211791992
301,16.575077056884766
302,18.63144302368164
303,15.906915664672852
304,14.394344329833984
305,14.202290534973145
306,11.918113708496094
307,13.337122917175293
308,12.194677352905273
309,15.84520149230957
310,14.375977516174316
311,10.438440322875977
313,11.7133207321167
314,6.5052337646484375
315,9.757225036621094
316,9.233441352844238
317,7.9818830490112305
318,7.314964771270752
319,18.03602409362793
320,18.98419761657715
321,16.990171432495117
322,21.062719345092773
323,20.1905460357666
324,19.861284255981445
325,17.770824432373047
326,16.23357391357422
327,15.598734855651855
328,15.424644470214844
329,15.341008186340332
330,14.891758918762207
331,15.190383911132812
332,14.334378242492676
333,14.921708106994629
334,14.261564254760742
335,15.209259033203125
336,14.679780960083008
337,15.234614372253418
338,15.0861234664917
339,14.484755516052246
340,15.241273880004883
341,15.016850471496582
342,16.276952743530273
343,14.786100387573242
344,21.966064453125
345,21.730276107788086
346,20.217910766601562
347,20.49686622619629
348,18.502771377563477
349,20.307981491088867
350,19.77355194091797
351,19.60135269165039
352,19.183609008789062
353,17.628925323486328
354,19.16425323486328
355,17.496185302734375
356,18.92007064819336
357,16.947500228881836
358,16.866518020629883
359,17.654756546020508
360,15.574603080749512
361,16.717647552490234
362,14.958154678344727
363,16.155941009521484
364,17.6994571685791
365,19.45417594909668
366,18.245637893676758
367,15.947620391845703
368,20.642681121826172
369,18.912803649902344
370,19.157394409179688
371,17.668624877929688
372,16.463552474975586
373,19.03813362121582
374,14.974286079406738
375,23.072647094726562
376,19.815122604370117
377,21.389514923095703
378,21.290437698364258
379,23.53839874267578
380,24.037525177001953
381,17.973602294921875
382,23.462697982788086
383,24.675148010253906
384,28.414676666259766
385,26.68145751953125
386,28.18552017211914
387,30.632726669311523
388,23.565982818603516
389,29.646236419677734
390,26.050540924072266
391,26.882434844970703
392,26.411540985107422
393,28.972564697265625
394,31.321535110473633
395,22.710397720336914
396,28.275497436523438
397,27.619686126708984
398,32.8787841796875
399,35.88665771484375
400,42.541263580322266
401,44.10877990722656
402,34.691925048828125
403,49.4640998840332
404,46.957183837890625
405,48.52488327026367
406,57.181922912597656
407,62.199188232421875
408,70.58911895751953
409,51.30500411987305
410,62.62662124633789
411,70.35086822509766
412,75.03961181640625
413,78.77102661132812
414,92.63270568847656
415,101.1834716796875
416,68.95001983642578
417,95.43575286865234
418,92.47874450683594
419,89.84100341796875
420,91.61028289794922
421,92.58427429199219
422,100.15938568115234
423,54.85654830932617
424,70.27737426757812
425,67.29698944091797
426,65.38005065917969
427,65.2425765991211
428,78.1866455078125
429,87.84989929199219
430,31.003498077392578
431,70.54087829589844
432,73.31401824951172
433,78.99565887451172
434,91.9560775756836
435,87.86671447753906
436,117.72601318359375
437,52.4860725402832
438,89.40248107910156
439,91.56837463378906
440,91.52057647705078
441,80.27096557617188
442,101.85078430175781
443,103.96331787109375
444,37.44783020019531
445,64.84239196777344
446,47.55525588989258
447,61.732200622558594
448,66.11702728271484
449,61.27885818481445
450,72.11531829833984
451,9.774564743041992
452,46.294822692871094
453,46.68791580200195
454,55.458106994628906
455,31.869068145751953
456,58.12647247314453
457,67.04130554199219
458,19.678539276123047
459,53.79845428466797
460,34.22770309448242
461,40.10530471801758
462,38.66172790527344
463,49.931217193603516
464,53.73522186279297
465,9.908613204956055
466,35.27919387817383
467,43.64818572998047
468,48.80622863769531
469,37.50667190551758
470,53.15026092529297
471,61.380008697509766
472,23.358503341674805
473,49.634151458740234
474,40.95920944213867
475,39.60163116455078
476,35.7889404296875
477,51.7519416809082
478,51.27909469604492
479,17.01573371887207
480,30.668243408203125
481,26.301532745361328
482,24.468271255493164
483,22.338027954101562
484,28.473773956298828
485,32.123573303222656
486,5.01571798324585
487,17.320331573486328
488,16.369468688964844
489,14.072504043579102
490,9.35135269165039
491,17.5528564453125
492,18.55860137939453
493,1.4045493602752686
494,5.67766809463501
495,2.2496514320373535
496,1.3467793464660645
497,7.130668640136719
498,12.886011123657227
499,12.958162307739258
500,0.12772874534130096
501,5.112744331359863
502,5.627425193786621
503,5.331543922424316
504,5.710687637329102
505,9.01043701171875
506,10.41615104675293
507,5.159079074859619
508,6.8262763023376465
509,6.5439348220825195
510,4.135848045349121
511,4.467506408691406
512,6.696353435516357
513,8.298402786254883
514,2.769706964492798
515,4.52510929107666
516,5.186000823974609
517,3.654022455215454
518,4.164505958557129
519,5.3935065269470215
520,6.086467742919922
521,4.317568778991699
522,4.069472312927246
523,4.363018989562988
524,2.953263998031616
525,3.0489273071289062
526,3.4274399280548096
527,4.100194931030273
528,22.887548446655273
529,23.83571434020996
530,23.95612907409668
531,23.261667251586914
532,23.45061492919922
533,23.606191635131836
534,22.72362518310547
535,21.246488571166992
536,21.45198631286621
537,19.83106231689453
538,18.878814697265625
539,18.50632095336914
540,23.38323211669922
541,22.80008316040039
542,19.63512420654297
543,19.281110763549805
544,18.773073196411133
545,15.211216926574707
546,16.75803565979004
547,14.686699867248535
548,19.100650787353516
549,16.0891170501709
550,14.805444717407227
551,16.47125816345215
552,13.004722595214844
553,12.706005096435547
554,11.912932395935059
555,9.358942985534668
556,9.180657386779785
557,12.434396743774414
558,11.0512056350708
559,9.34240436553955
560,8.062512397766113
561,10.367291450500488
562,9.62870979309082
563,7.9942121505737305
564,9.475930213928223
565,9.163019180297852
566,8.34794807434082
567,19.726404190063477
568,15.7149019241333
569,16.619295120239258
570,13.617120742797852
571,16.544605255126953
572,14.385719299316406
573,13.70710563659668
574,10.262198448181152
575,13.903017044067383
577,16.245779037475586
578,16.83635711669922
579,11.126545906066895
580,8.551063537597656
581,8.466201782226562
582,7.769061088562012
583,16.725290298461914
584,15.0177583694458
585,13.526639938354492
586,19.359943389892578
587,19.89980125427246
589,11.350096702575684
590,8.732141494750977
591,12.510628700256348
592,11.597797393798828
593,11.341355323791504
594,9.363707542419434
595,9.140726089477539
596,11.83675765991211
597,11.660343170166016
598,11.483983039855957
599,10.223461151123047
600,9.944814682006836
601,9.196099281311035
602,8.730401992797852
603,8.358037948608398
604,8.245706558227539
605,7.520589828491211
606,6.740114212036133
607,11.150920867919922
608,10.896246910095215
609,8.694714546203613
610,6.935050964355469
611,6.65985107421875
612,5.515113830566406
613,5.315351486206055
614,5.013485908508301
615,10.421859741210938
616,9.270467758178711
617,5.912285804748535
618,3.8626821041107178
619,13.59586238861084
620,14.434943199157715
622,9.370380401611328
623,9.736385345458984
624,14.975313186645508
625,14.672842025756836
626,14.6900053024292
627,12.340258598327637
628,10.70995044708252
629,10.174416542053223
630,8.546608924865723
631,13.21498966217041
632,12.921050071716309
633,12.732202529907227
634,12.79010009765625
635,12.532242774963379
636,12.11672592163086
637,11.559463500976562
638,11.346741676330566
639,11.402155876159668
640,11.222758293151855
641,11.192085266113281
642,10.88540267944336
643,10.234402656555176
644,9.879813194274902
645,9.056981086730957
646,9.473114967346191
647,8.393532752990723
648,8.344724655151367
649,8.266695022583008
650,8.100627899169922
651,8.260237693786621
652,7.2077507972717285
653,13.140466690063477
654,12.55849838256836
655,12.738550186157227
656,12.73361873626709
657,12.221380233764648
658,11.965184211730957
659,11.358539581298828
660,12.125872611999512
661,11.109691619873047
662,11.130743980407715
663,10.411910057067871
664,10.360001564025879
665,10.633481979370117
666,9.583108901977539
667,9.738051414489746
668,9.474215507507324
669,9.253167152404785
670,9.01646900177002
671,9.025605201721191
672,8.900774955749512
673,7.931947708129883
674,7.91197395324707
675,7.624285697937012
676,7.77584981918335
677,6.892377853393555
678,6.517223358154297
679,7.054309368133545
680,5.493443965911865
681,5.779916763305664
682,11.310369491577148
683,11.288227081298828
684,11.141593933105469
685,10.87704086303711
686,10.29436206817627
687,10.16890811920166
688,10.49087905883789
689,10.100517272949219
690,10.206785202026367
691,9.869887351989746
692,9.594535827636719
693,8.746234893798828
694,8.36842155456543
695,8.900496482849121
696,8.489204406738281
697,8.03095531463623
698,7.993714332580566
699,7.081599235534668
700,6.585057258605957
701,6.031982898712158
702,6.430467128753662
703,6.161482334136963
704,6.09053897857666
705,5.8986945152282715
706,5.3760504722595215
707,4.941545009613037
708,4.687408447265625
709,5.013062953948975
710,10.454825401306152
711,10.117938995361328
712,9.406274795532227
713,9.32741928100586
714,9.264078140258789
715,8.873629570007324
716,8.89355182647705
717,8.531492233276367
718,7.722831726074219
719,7.05226469039917
720,7.069137096405029
721,5.789953231811523
722,5.910733699798584
723,4.308379650115967
724,3.760603189468384
725,21.59484100341797
726,8.18995189666748
727,17.670654296875
729,9.414337158203125
730,14.645316123962402
731,12.919135093688965
732,12.451483726501465
733,9.836687088012695
734,10.56287956237793
735,11.224592208862305
736,9.514988899230957
737,18.950740814208984
738,15.91030502319336
739,19.375097274780273
740,6.78226900100708
741,19.333776473999023
743,12.985356330871582
744,13.289460182189941
745,13.014679908752441
746,7.7903361320495605
747,11.425107955932617
748,10.516810417175293
749,8.987174034118652
750,7.472199440002441
751,7.296774387359619
752,9.40428352355957
753,6.72776985168457
754,14.708009719848633
755,8.467432022094727
757,24.30662727355957
758,16.35540199279785
759,10.64155387878418
760,9.85909652709961
761,14.642136573791504
762,14.179450988769531
763,13.954620361328125
764,13.74824333190918
765,13.754064559936523
766,13.818077087402344
767,13.540708541870117
768,12.858267784118652
769,11.198959350585938
770,11.02041244506836
771,10.667977333068848
772,10.18774700164795
773,9.930109024047852
774,8.636781692504883
775,12.976407051086426
776,12.837419509887695
777,11.83764362335205
778,11.440558433532715
779,11.28261947631836
780,11.049467086791992
781,10.736906051635742
782,10.323593139648438
783,10.495404243469238
784,10.091611862182617
785,10.086650848388672
786,10.023965835571289
787,9.701934814453125
788,9.447084426879883
789,8.809690475463867
790,8.953039169311523
791,8.225502014160156
792,8.395172119140625
793,8.325847625732422
794,8.12709903717041
795,13.305070877075195
796,12.473039627075195
797,12.832229614257812
798,12.375173568725586
799,12.032598495483398
800,12.00494384765625
801,11.7986421585083
802,10.891242027282715
803,10.744754791259766
804,10.82962703704834
805,10.417611122131348
806,10.157991409301758
807,10.113249778747559
808,10.16395378112793
809,9.866280555725098
810,9.331910133361816
811,9.392702102661133
812,9.4401273727417
813,9.266164779663086
814,9.10965633392334
815,8.989774703979492
816,8.309894561767578
817,8.877828598022461
818,8.282832145690918
819,8.490203857421875
820,7.622416973114014
821,7.765608310699463
822,7.437234401702881
823,6.60538911819458
824,6.928936958312988
825,12.769280433654785
826,12.493488311767578
827,12.356433868408203
828,12.184545516967773
829,11.793983459472656
830,10.814727783203125
831,10.9332857131958
832,10.093009948730469
833,10.98344898223877
834,10.599602699279785
835,10.877137184143066
836,10.764921188354492
837,9.314155578613281
838,9.783812522888184
839,9.017280578613281
840,8.978693962097168
841,8.412158966064453
842,8.856952667236328
843,8.191981315612793
844,7.911050796508789
845,7.859205722808838
846,6.469457149505615
847,6.939946174621582
848,6.453139781951904
849,6.3037285804748535
850,6.187980651855469
851,5.119635105133057
852,5.5727105140686035
853,4.732795715332031
854,10.485857009887695
855,10.304293632507324
856,10.30866527557373
857,9.147132873535156
858,9.267769813537598
859,8.83833122253418
860,8.761160850524902
861,8.603584289550781
862,8.762140274047852
863,8.253012657165527
864,8.370996475219727
865,8.140985488891602
866,7.828498840332031
867,8.011367797851562
868,7.686428546905518
869,7.529221057891846
870,7.496181488037109
871,6.535175800323486
872,6.313485145568848
873,5.383482933044434
874,5.8595805168151855
875,5.657262325286865
876,4.685488224029541
877,3.997682809829712
878,4.079975605010986
879,4.216155052185059
880,3.4037270545959473
881,25.11155128479004
882,24.72867774963379
883,24.471813201904297
884,23.88196563720703
885,22.749025344848633
886,22.54203987121582
887,21.87677001953125
888,21.86237335205078
889,20.872318267822266
890,20.552154541015625
891,18.089168548583984
892,18.22338104248047
893,16.66963005065918
894,13.899164199829102
895,21.556703567504883
896,15.752206802368164
897,18.310731887817383
898,13.098970413208008
899,12.497037887573242
900,11.960805892944336
902,19.806730270385742
903,11.723368644714355
904,16.668010711669922
905,16.117826461791992
906,13.119564056396484
907,11.378653526306152
908,9.737862586975098
909,9.382420539855957
910,8.577975273132324
911,10.866133689880371
912,11.960081100463867
913,11.848960876464844
914,11.496077537536621
915,11.369155883789062
916,10.156269073486328
917,8.148575782775879
918,7.915064811706543
919,5.4260149002075195
920,10.895874977111816
921,9.574199676513672
922,9.405045509338379
923,8.838473320007324
924,8.1101713180542
925,6.390037536621094
926,5.04426383972168
927,8.255901336669922
928,20.35869598388672
929,19.684864044189453
930,12.99888801574707
931,9.349808692932129
932,12.842708587646484
933,7.848117351531982
934,19.310123443603516
935,15.909984588623047
936,15.088010787963867
937,13.677342414855957
938,13.3851957321167
940,13.681538581848145
941,11.548110961914062
942,12.76770305633545
943,10.077286720275879
944,10.38071346282959
945,10.000569343566895
946,7.461851119995117
947,9.703193664550781
948,9.493085861206055
949,5.553935527801514
950,5.081255912780762
951,21.74410629272461
952,20.187702178955078
953,18.2213191986084
954,17.209871292114258
955,16.90024757385254
956,14.527897834777832
957,14.348623275756836
958,13.955938339233398
959,12.893427848815918
960,11.174036979675293
961,10.457327842712402
962,12.121121406555176
963,11.694846153259277
964,11.406208992004395
965,11.252979278564453
966,10.065235137939453
967,9.886795043945312
968,9.704931259155273
969,9.514158248901367
970,8.97215747833252
971,8.709711074829102
972,8.392784118652344
973,14.036170959472656
974,13.98974609375
975,13.208216667175293
976,12.451884269714355
977,12.238033294677734
978,11.735044479370117
979,11.157732963562012
980,10.764116287231445
981,9.823606491088867
982,8.513845443725586
983,8.33261489868164
984,8.340323448181152
985,8.2245512008667
986,8.047926902770996
987,7.833853244781494
988,12.57278060913086
989,12.802398681640625
990,12.071470260620117
991,12.089274406433105
992,11.448001861572266
993,11.492155075073242
994,11.018060684204102
995,10.573686599731445
996,10.633071899414062
997,10.03477668762207
998,10.376387596130371
999,9.57319450378418
1000,9.410024642944336
1001,9.414848327636719
1002,8.793441772460938
1003,8.828615188598633
1004,8.094123840332031
1005,7.735220432281494
1006,7.516478538513184
1007,6.789702415466309
1008,6.886645793914795
1009,5.571288585662842
1010,11.526508331298828
1011,10.642876625061035
1012,11.095748901367188
1013,10.910223960876465
1014,10.2746000289917
1015,10.131728172302246
1016,9.788434028625488
1017,9.736342430114746
1018,9.620670318603516
1019,9.179035186767578
1020,8.395602226257324
1021,8.164929389953613
1022,8.049592971801758
1023,7.544583320617676
1024,6.737471580505371
1025,6.561492443084717
1026,6.108603477478027
1027,6.312526226043701
1028,4.938558101654053
1029,8.25003719329834
1030,7.947360992431641
1031,5.659564971923828
1032,5.846094608306885
1033,4.154839515686035
1034,3.436466932296753
1035,24.718952178955078
1036,23.10296630859375
1037,20.343111038208008
1038,19.294254302978516
1039,17.47894859313965
1040,21.24561882019043
1041,20.054752349853516
1042,19.372343063354492
1043,18.692378997802734
1044,18.44106101989746
1045,17.128887176513672
1046,16.972484588623047
1047,19.64619255065918
1048,14.107627868652344
1049,17.380155563354492
1050,16.9366455078125
1051,14.216070175170898
1052,13.292254447937012
1053,13.067117691040039
1054,11.034017562866211
1055,13.93907356262207
1056,12.646110534667969
1057,12.46941089630127
1058,11.676413536071777
1059,11.622103691101074
1060,11.160428047180176
1061,10.19049072265625
1062,9.563490867614746
1063,9.406665802001953
1064,9.160396575927734
1065,8.838836669921875
1066,8.798337936401367
1067,9.078828811645508
1068,9.87255859375
1069,8.857001304626465
1070,10.3043212890625
1071,9.847033500671387
1072,9.366519927978516
1073,14.399775505065918
1074,13.52861499786377
1075,13.382118225097656
1076,12.367044448852539
1077,12.16561508178711
1078,11.106719017028809
1079,9.947808265686035
1080,8.181756973266602
1081,6.620701789855957
1082,7.3177690505981445
1083,10.173564910888672
1084,9.92558479309082
1085,9.944358825683594
1086,6.532761573791504
1087,2.9702446460723877
1088,24.754383087158203
1089,24.515810012817383
1090,21.48012924194336
1091,18.50715446472168
1092,22.203821182250977
1093,21.355571746826172
1094,19.595821380615234
1095,18.63474464416504
1096,20.29508399963379
1097,14.835673332214355
1098,18.569419860839844
1099,15.60947036743164
1100,14.40842342376709
1101,13.539102554321289
1102,14.484658241271973
1103,13.545822143554688
1104,13.260059356689453
1105,12.722264289855957
1106,12.078296661376953
1107,11.446527481079102
1108,14.392300605773926
1109,12.666119575500488
1110,12.127424240112305
1111,11.8693265914917
1112,11.086578369140625
1113,10.623190879821777
1114,13.875139236450195
1115,13.590530395507812
1116,12.950844764709473
1117,12.179288864135742
1119,11.192634582519531
1120,20.84150505065918
1121,16.006084442138672
1122,14.39268684387207
1123,14.213409423828125
1124,13.727920532226562
1125,13.191182136535645
1126,13.012323379516602
1127,9.809481620788574
1128,8.471390724182129
1129,13.8754301071167
1130,13.697352409362793
1131,13.1397705078125
1132,12.07251262664795
1133,9.848417282104492
1134,9.906895637512207
1135,9.329370498657227
1136,7.613586902618408
1137,11.671875953674316
1138,9.788910865783691
1139,9.503036499023438
1140,8.648043632507324
1141,8.455082893371582
1142,8.313572883605957
1143,7.150702953338623
1144,9.498222351074219
1145,6.155243396759033
1146,5.080438613891602
1147,13.404047966003418
1148,9.73083209991455
1149,9.262829780578613
1150,14.016018867492676
1151,9.856331825256348
1152,6.973459720611572
1153,10.991938591003418
1155,10.86967658996582
1156,11.48161792755127
1157,11.880999565124512
1158,18.350887298583984
1159,12.21188735961914
1160,13.517281532287598
1161,12.877890586853027
1162,10.595149993896484
1163,10.244441986083984
1164,9.686903953552246
1165,12.990234375
1166,12.922199249267578
1167,12.512924194335938
1168,12.650335311889648
1169,11.465568542480469
1170,9.118531227111816
1171,8.780228614807129
1172,9.606184959411621
1173,8.956694602966309
1174,8.879761695861816
1175,8.89336109161377
1176,7.258752346038818
1177,11.078971862792969
1178,9.476213455200195
1179,6.167752742767334
1180,7.684693336486816
1181,13.171732902526855
1182,12.474843978881836
1183,11.693410873413086
1184,9.880459785461426
1185,14.101971626281738
1186,10.673782348632812
1187,9.389636039733887
1188,9.577716827392578
1189,10.922872543334961
1190,20.924774169921875
1191,13.654092788696289
1192,11.230098724365234
1193,10.027403831481934
1195,14.603071212768555
1196,13.36564826965332
1197,13.117494583129883
1198,13.00247859954834
1199,9.532285690307617
1200,8.212387084960938
1201,5.570261478424072
1202,23.594205856323242
1203,22.569843292236328
1204,19.428638458251953
1205,19.55604362487793
1206,16.39925765991211
1207,16.381637573242188
1208,16.28221321105957
1209,16.797460556030273
1210,10.28614330291748
1211,15.2318696975708
1212,13.061750411987305
1213,11.957204818725586
1214,11.52807903289795
1215,10.456961631774902
1216,9.743135452270508
1217,9.613297462463379
1218,9.106752395629883
1219,8.928468704223633
1220,8.563486099243164
1221,14.304229736328125
1222,14.080242156982422
1223,13.723591804504395
1224,13.698748588562012
1225,12.737283706665039
1226,11.36401081085205
1227,10.145503997802734
1228,10.00586986541748
1229,9.876288414001465
1230,8.333663940429688
1231,13.153453826904297
1232,12.375480651855469
1233,11.52963924407959
1234,10.823466300964355
1235,10.127678871154785
1236,9.840291023254395
1237,8.398479461669922
1238,8.671351432800293
1239,8.085026741027832
1240,7.306447982788086
1241,7.2461371421813965
1242,10.529722213745117
1243,10.213531494140625
1244,9.944759368896484
1245,8.348638534545898
1246,7.905344009399414
1247,7.507838249206543
1248,6.843771934509277
1249,9.234932899475098
1250,7.375472545623779
1251,6.892446517944336
1252,6.8493828773498535
1253,5.9275665283203125
1254,3.5800979137420654
1255,19.306814193725586
1256,19.967823028564453
1257,17.81084442138672
1258,17.634546279907227
1259,15.961376190185547
1260,19.07248306274414
1261,18.30624008178711
1262,13.493433952331543
1263,15.99399185180664
1264,14.502700805664062
1265,11.96142578125
1266,14.770758628845215
1267,14.450693130493164
1268,11.545037269592285
1269,12.517797470092773
1270,12.276284217834473
1271,10.81742000579834
1272,9.551271438598633
1273,8.53606128692627
1274,8.940208435058594
1275,4.3719482421875
1276,24.46485137939453
1277,24.316633224487305
1278,23.73076057434082
1279,20.03285789489746
1280,18.56899070739746
1281,22.945510864257812
1282,20.912748336791992
1283,20.36037254333496
1284,18.502172470092773
1285,17.159059524536133
1286,19.406782150268555
1287,18.318065643310547
1288,15.426751136779785
1289,14.474177360534668
1290,14.17459774017334
1291,18.01636505126953
1292,15.755810737609863
1293,16.00175666809082
1294,14.8888578414917
1295,10.26945686340332
1296,11.221173286437988
1297,10.863975524902344
1299,9.143735885620117
1300,7.323910236358643
1301,9.543802261352539
1302,7.565390586853027
1303,5.066502571105957
1305,14.97067928314209
1306,11.704244613647461
1307,15.733427047729492
1308,18.33688735961914
1309,12.33284854888916
1310,22.634632110595703
1311,16.843425750732422
1312,16.699216842651367
1313,15.074081420898438
1314,13.462191581726074
1316,10.498741149902344
1317,13.964431762695312
1318,13.255680084228516
1319,9.204105377197266
1320,14.905289649963379
1321,8.91900634765625
1322,13.856478691101074
1323,11.858932495117188
1324,10.178678512573242
1325,7.6558685302734375
1326,7.27766227722168
1327,7.334436416625977
1328,4.081937789916992
1329,19.82339859008789
1330,17.575841903686523
1331,9.490955352783203
1332,6.177196979522705
1333,5.366943359375
1334,20.521501541137695
1335,11.727981567382812
1336,15.32956314086914
1338,10.393534660339355
1340,20.451602935791016
1341,7.90727424621582
1342,15.478741645812988
1343,12.280375480651855
1344,12.05474853515625
1345,11.789834022521973
1346,17.428754806518555
1347,17.261432647705078
1348,17.036069869995117
1349,16.22679328918457
1350,16.513586044311523
1351,16.264211654663086
1352,15.89273452758789
1353,15.290966033935547
1354,14.79293441772461
1355,15.102002143859863
1356,15.090544700622559
1357,14.654296875
1358,15.516580581665039
1359,14.87089729309082
1360,14.840206146240234
1361,13.883040428161621
1362,13.506828308105469
1363,13.78872013092041
1364,13.340261459350586
1365,13.122420310974121
1366,13.012699127197266
1367,12.806441307067871
1368,12.38383674621582
1369,11.721819877624512
1370,12.437183380126953
1371,11.638020515441895
1372,11.90257740020752
1373,10.748397827148438
1374,16.40170669555664
1375,16.302248001098633
1376,15.394831657409668
1377,15.960905075073242
1378,15.603620529174805
1379,15.253268241882324
1380,14.472033500671387
1381,14.616044998168945
1382,14.338851928710938
1383,14.006454467773438
1384,14.138912200927734
1385,14.0342378616333
1386,14.130738258361816
1387,13.63173770904541
1388,14.271544456481934
1389,13.838479995727539
1390,13.268248558044434
1391,14.470458984375
1392,14.794621467590332
1393,13.945383071899414
1394,11.712486267089844
1395,13.655654907226562
1396,11.931208610534668
1397,11.470664024353027
1398,11.15814208984375
1399,11.524693489074707
1400,11.411595344543457
1401,9.019050598144531
1402,9.914426803588867
1403,9.503732681274414
1404,9.544368743896484
1405,14.41629695892334
1406,15.446858406066895
1407,15.188163757324219
1408,12.96218490600586
1409,13.876139640808105
1410,14.410918235778809
1411,13.579736709594727
1412,13.028858184814453
1413,13.560653686523438
1414,13.343255996704102
1415,12.059693336486816
1416,12.032052993774414
1417,11.127848625183105
1418,12.025382041931152
1419,12.344706535339355
1420,12.93679428100586
1421,12.413200378417969
1422,11.421982765197754
1423,11.52452278137207
1424,11.433231353759766
1425,10.763628005981445
1426,9.462040901184082
1427,10.306207656860352
1428,9.708137512207031
1429,8.713763236999512
1430,9.465478897094727
1431,7.986363410949707
1432,7.654773235321045
1433,7.870614051818848
1434,7.8542304039001465
1435,13.512344360351562
1436,12.912422180175781
1437,13.593220710754395
1438,12.996560096740723
1439,13.134580612182617
1440,12.141904830932617
1441,12.97547721862793
1442,12.8541898727417
1443,11.921006202697754
1444,12.132025718688965
1445,11.646864891052246
1446,11.370247840881348
1447,11.424933433532715
1448,10.859822273254395
1449,10.568548202514648
1450,9.480588912963867
1451,10.778495788574219
1452,10.056394577026367
1453,10.023948669433594
1454,8.675493240356445
1455,8.475495338439941
1456,9.173237800598145
1457,7.603339195251465
1458,7.828158378601074
1459,7.463118553161621
1460,8.185688972473145
1461,7.826886177062988
1462,8.154510498046875
1463,8.385553359985352
1464,6.111847877502441
1465,7.176022529602051
1466,12.449098587036133
1467,12.703883171081543
1468,12.234925270080566
1469,11.83134651184082
1470,12.34478759765625
1471,10.202601432800293
1472,10.691118240356445
1473,10.147320747375488
1474,10.48785400390625
1475,9.13011646270752
1476,10.126343727111816
1477,10.111421585083008
1478,8.519061088562012
1479,8.523638725280762
1480,8.581987380981445
1481,8.039396286010742
1482,8.06390380859375
1483,7.928027153015137
1484,8.169650077819824
1485,6.4773149490356445
1486,6.6641364097595215
1487,6.400003910064697
1488,6.88775634765625
1489,5.936542987823486
1490,6.146627902984619
1491,5.361753463745117
1492,5.305132865905762
1493,5.391171455383301
1494,5.000979423522949
1495,10.053564071655273
1496,10.136062622070312
1497,9.473483085632324
1498,9.684638977050781
1499,8.986748695373535
1500,9.184696197509766
1501,8.313076972961426
1502,7.8996381759643555
1503,7.651333808898926
1504,7.414907455444336
1505,6.952070236206055
1506,6.003616809844971
1507,6.038547515869141
1508,5.508366107940674
1509,16.805280685424805
1510,7.8446550369262695
1511,4.472176551818848
1513,15.454610824584961
1514,13.435465812683105
1515,13.335694313049316
1516,12.953377723693848
1517,12.56319808959961
1518,12.392546653747559
1519,12.551857948303223
1520,12.331233024597168
1521,11.735282897949219
1522,11.702377319335938
1523,11.574784278869629
1524,10.110204696655273
1525,9.298894882202148
1526,11.505431175231934
1527,8.574970245361328
1528,8.221171379089355
1529,11.156861305236816
1530,4.092263221740723
1531,23.854171752929688
1532,20.605741500854492
1533,22.005191802978516
1534,22.401630401611328
1535,15.376243591308594
1536,18.711973190307617
1537,13.576021194458008
1538,13.195046424865723
1539,13.125873565673828
1540,11.971702575683594
1541,11.809374809265137
1542,17.206512451171875
1543,16.42387580871582
1544,16.3863525390625
1545,16.12710189819336
1546,15.81617546081543
1547,15.628388404846191
1548,15.710432052612305
1549,15.242461204528809
1550,14.71993350982666
1551,14.749353408813477
1552,14.273666381835938
1553,14.048521041870117
1554,12.943367958068848
1555,12.470135688781738
1556,11.583649635314941
1557,11.38367748260498
1558,11.278221130371094
1559,11.331881523132324
1560,11.129653930664062
1561,10.703556060791016
1562,10.535558700561523
1563,10.045743942260742
1564,15.575446128845215
1565,15.16280746459961
1566,15.043327331542969
1567,14.929378509521484
1568,14.690841674804688
1569,14.295095443725586
1570,13.86705493927002
1571,14.099902153015137
1572,13.99004077911377
1573,13.857290267944336
1574,13.788586616516113
1575,13.66592788696289
1576,13.0704927444458
1577,13.082500457763672
1578,12.933940887451172
1579,12.151969909667969
1580,12.22530746459961
1581,12.016021728515625
1582,11.274543762207031
1583,11.631991386413574
1584,10.89784049987793
1585,11.229809761047363
1586,11.156671524047852
1587,11.108928680419922
1588,10.799407958984375
1589,10.848348617553711
1590,11.229331970214844
1591,11.175102233886719
1592,16.537179946899414
1593,16.983348846435547
1594,16.59691619873047
1595,15.341495513916016
1596,14.878850936889648
1597,15.385541915893555
1598,16.288774490356445
1599,15.412819862365723
1600,16.809837341308594
1601,16.18616485595703
1602,15.167486190795898
1603,15.495752334594727
1604,14.583678245544434
1605,15.424630165100098
1606,14.446359634399414
1607,14.77554702758789
1608,14.64923095703125
1609,12.941823959350586
1610,12.316664695739746
1611,12.042389869689941
1612,11.883255958557129
1613,11.21155834197998
1614,13.399001121520996
1615,13.236282348632812
1616,11.895441055297852
1617,14.317693710327148
1618,14.437322616577148
1619,14.649845123291016
1620,13.677881240844727
1621,13.857538223266602
1622,20.517972946166992
1623,19.992050170898438
1624,21.36993408203125
1625,20.56064796447754
1626,19.47506332397461
1627,18.976547241210938
1628,18.535797119140625
1629,17.909893035888672
1630,14.902703285217285
1631,16.966794967651367
1632,16.26149559020996
1633,16.700443267822266
1634,15.688911437988281
1635,15.667886734008789
1636,16.098812103271484
1637,13.180915832519531
1638,15.436960220336914
1639,16.68206024169922
1640,17.513185501098633
1641,17.254255294799805
1642,18.13228988647461
1643,18.007720947265625
1644,14.090322494506836
1645,15.717693328857422
1646,14.705392837524414
1647,15.595512390136719
1648,16.478782653808594
1649,15.211509704589844
1650,14.950904846191406
1651,13.580836296081543
1652,14.2081880569458
1653,20.392459869384766
1654,19.594865798950195
1655,19.905391693115234
1656,21.082189559936523
1657,23.073989868164062
1658,20.452280044555664
1659,21.67218017578125
1660,21.80988311767578
1661,22.918725967407227
1662,23.169313430786133
1663,25.881546020507812
1664,25.348209381103516
1665,23.76169204711914
1666,24.26355743408203
1667,23.57568359375
1668,24.347002029418945
1669,24.53421401977539
1670,24.238636016845703
1671,26.028947830200195
1672,22.956483840942383
1673,22.024755477905273
1674,20.955917358398438
1675,21.987327575683594
1676,19.364885330200195
1677,20.629474639892578
1678,19.662555694580078
1679,15.709100723266602
1680,15.932926177978516
1681,14.796966552734375
1682,13.354026794433594
1683,16.838542938232422
1684,15.717686653137207
1685,17.187265396118164
1686,15.1402006149292
1687,16.26946258544922
1688,12.801803588867188
1689,15.33266830444336
1690,12.750381469726562
1691,13.974306106567383
1692,15.71333122253418
1693,13.477096557617188
1694,15.376189231872559
1695,12.972138404846191
1696,14.443961143493652
1697,14.44329833984375
1698,14.32467269897461
1699,14.972433090209961
1700,10.662529945373535
1701,12.419073104858398
1702,9.373261451721191
1703,10.235912322998047
1704,8.637934684753418
1705,8.699875831604004
1706,9.077499389648438
1707,5.813360691070557
1708,6.767272472381592
1709,5.17153787612915
1710,5.662338733673096
1711,4.3567585945129395
1712,4.026604652404785
1713,4.842833042144775
1714,24.667978286743164
1715,24.143024444580078
1716,25.23910903930664
1717,24.995901107788086
1718,23.827224731445312
1719,24.332523345947266
1720,23.867036819458008
1721,22.636253356933594
1722,23.102001190185547
1723,22.486831665039062
1724,23.0400447845459
1725,22.90444564819336
1726,22.95146369934082
1727,22.534334182739258
1728,21.70393180847168
1729,20.809528350830078
1730,21.133420944213867
1731,21.388111114501953
1732,21.128808975219727
1733,21.01071548461914
1734,20.190488815307617
1735,19.881135940551758
1736,19.824806213378906
1737,19.866880416870117
1738,19.184646606445312
1739,19.067007064819336
1740,19.64097785949707
1741,18.766666412353516
1742,18.75965690612793
1743,23.755050659179688
1744,23.572877883911133
1745,23.310226440429688
1746,21.499635696411133
1747,20.912368774414062
1748,20.372365951538086
1749,20.11513328552246
1750,19.585365295410156
1751,19.433677673339844
1752,19.491846084594727
1753,19.511816024780273
1754,19.329605102539062
1755,19.266138076782227
1756,19.363628387451172
1757,18.6365966796875
1758,18.337461471557617
1759,21.85972023010254
1760,21.24803352355957
1761,19.842626571655273
1762,21.36439323425293
1763,20.86751937866211
1764,19.69598388671875
1765,18.751590728759766
1766,17.86202049255371
1767,17.49097442626953
1768,17.44476318359375
1769,17.263874053955078
1770,15.822246551513672
1771,14.674053192138672
1772,19.798818588256836
1773,19.4367618560791
1774,16.79109764099121
1775,14.31305980682373
1776,17.24836540222168
1777,16.6521053314209
1778,15.98109245300293
1779,13.189793586730957
1780,12.70530891418457
1781,11.598905563354492
1782,10.420416831970215
1783,15.406147003173828
1784,13.741129875183105
1785,11.501971244812012
1786,9.881625175476074
1787,10.892138481140137
1788,10.366265296936035
1789,12.589031219482422
1790,11.7765531539917
1791,11.566061019897461
1792,11.010207176208496
1793,10.86808967590332
1794,10.740409851074219
1795,10.754886627197266
1796,6.2000956535339355
1797,5.011399269104004
1798,4.897665977478027
1799,9.387903213500977
1800,6.4996514320373535
1801,6.173737525939941
1802,4.475368976593018
1803,22.620363235473633
1804,20.748109817504883
1805,18.253807067871094
1806,18.090412139892578
1807,15.724172592163086
1808,15.564251899719238
1809,17.511873245239258
1810,16.05997085571289
1811,12.974164962768555
1812,13.482072830200195
1813,14.679588317871094
1814,13.945682525634766
1815,10.468287467956543
1816,10.068127632141113
1817,10.083876609802246
1818,9.88422679901123
1819,9.504209518432617
1820,9.37790298461914
1821,9.216530799865723
1822,9.038325309753418
1823,14.12498664855957
1824,12.13865852355957
1825,12.150882720947266
1826,11.979147911071777
